family	role_id	role	role_level	band	pcf_role	pcf_level	civil_service_grades	esco_occupations	esco_uris	job_evaluation_points	page
User-centred design	accessibility-specialist	Accessibility specialist	Junior accessibility specialist	5	Accessibility specialist	Junior accessibility specialist	EO/HEO	ICT accessibility tester	http://data.europa.eu/esco/occupation/50af07f0-7a75-424e-a66d-5a9deea10f4c	335	docs/roles/accessibility-specialist/
User-centred design	accessibility-specialist	Accessibility specialist	Accessibility specialist	6	Accessibility specialist	Accessibility specialist	HEO/SEO	ICT accessibility tester	http://data.europa.eu/esco/occupation/50af07f0-7a75-424e-a66d-5a9deea10f4c	421	docs/roles/accessibility-specialist/
User-centred design	accessibility-specialist	Accessibility specialist	Senior accessibility specialist	7	Accessibility specialist	Senior accessibility specialist	SEO/G7	ICT accessibility tester	http://data.europa.eu/esco/occupation/50af07f0-7a75-424e-a66d-5a9deea10f4c	475	docs/roles/accessibility-specialist/
User-centred design	accessibility-specialist	Accessibility specialist	Head of accessibility	8b	Accessibility specialist	Head of accessibility	G7/G6	ICT accessibility tester	http://data.europa.eu/esco/occupation/50af07f0-7a75-424e-a66d-5a9deea10f4c	596	docs/roles/accessibility-specialist/
Corporate services	administrator	Administrator	Administrative assistant	2				administrative assistant; office clerk	http://data.europa.eu/esco/occupation/044d78cc-f62f-4532-83a5-8e04f2889652; http://data.europa.eu/esco/occupation/6c999fc7-c6b7-4ef3-a4b9-af124a1783a2	176	docs/roles/administrator/
Corporate services	administrator	Administrator	Administrator	3				administrative assistant; office clerk	http://data.europa.eu/esco/occupation/044d78cc-f62f-4532-83a5-8e04f2889652; http://data.europa.eu/esco/occupation/6c999fc7-c6b7-4ef3-a4b9-af124a1783a2	223	docs/roles/administrator/
Corporate services	administrator	Administrator	Senior administrator	4				administrative assistant; office clerk	http://data.europa.eu/esco/occupation/044d78cc-f62f-4532-83a5-8e04f2889652; http://data.europa.eu/esco/occupation/6c999fc7-c6b7-4ef3-a4b9-af124a1783a2	277	docs/roles/administrator/
Data	analytics-engineer	Analytics engineer	Trainee analytics engineer	4	Analytics engineer	Trainee analytics engineer	AO/EO	data engineer; business intelligence manager	http://data.europa.eu/esco/occupation/2079755f-d809-49e6-8037-4de6180e54c0; http://data.europa.eu/esco/occupation/207d7b18-6540-432e-8aa6-785ed434572f	276	docs/roles/analytics-engineer/
Data	analytics-engineer	Analytics engineer	Analytics engineer	6	Analytics engineer	Analytics engineer	HEO/SEO	data engineer; business intelligence manager	http://data.europa.eu/esco/occupation/2079755f-d809-49e6-8037-4de6180e54c0; http://data.europa.eu/esco/occupation/207d7b18-6540-432e-8aa6-785ed434572f	418	docs/roles/analytics-engineer/
Data	analytics-engineer	Analytics engineer	Senior analytics engineer	7	Analytics engineer	Senior analytics engineer	SEO/G7	data engineer; business intelligence manager	http://data.europa.eu/esco/occupation/2079755f-d809-49e6-8037-4de6180e54c0; http://data.europa.eu/esco/occupation/207d7b18-6540-432e-8aa6-785ed434572f	477	docs/roles/analytics-engineer/
Data	analytics-engineer	Analytics engineer	Lead analytics engineer	8a	Analytics engineer	Lead analytics engineer	G7	data engineer; business intelligence manager	http://data.europa.eu/esco/occupation/2079755f-d809-49e6-8037-4de6180e54c0; http://data.europa.eu/esco/occupation/207d7b18-6540-432e-8aa6-785ed434572f	551	docs/roles/analytics-engineer/
Data	analytics-engineer	Analytics engineer	Head of analytics engineering	8c	Analytics engineer	Head of analytics engineering	G6	data engineer; business intelligence manager	http://data.europa.eu/esco/occupation/2079755f-d809-49e6-8037-4de6180e54c0; http://data.europa.eu/esco/occupation/207d7b18-6540-432e-8aa6-785ed434572f	634	docs/roles/analytics-engineer/
IT operations	application-operations-engineer	Application operations engineer	Associate application operations engineer	4	Application operations engineer	Associate application operations engineer	EO	ICT system administrator; database administrator	http://data.europa.eu/esco/occupation/9e2e6e1e-363b-4e1b-a673-7bc0f7343300; http://data.europa.eu/esco/occupation/8c57af09-719c-42b3-be40-6ed4946236cc	275	docs/roles/application-operations-engineer/
IT operations	application-operations-engineer	Application operations engineer	Application operations engineer	5	Application operations engineer	Application operations engineer	HEO	ICT system administrator; database administrator	http://data.europa.eu/esco/occupation/9e2e6e1e-363b-4e1b-a673-7bc0f7343300; http://data.europa.eu/esco/occupation/8c57af09-719c-42b3-be40-6ed4946236cc	358	docs/roles/application-operations-engineer/
IT operations	application-operations-engineer	Application operations engineer	Senior application operations engineer	6	Application operations engineer	Senior application operations engineer	HEO/SEO	ICT system administrator; database administrator	http://data.europa.eu/esco/occupation/9e2e6e1e-363b-4e1b-a673-7bc0f7343300; http://data.europa.eu/esco/occupation/8c57af09-719c-42b3-be40-6ed4946236cc	434	docs/roles/application-operations-engineer/
IT operations	application-operations-engineer	Application operations engineer	Lead application operations engineer	7	Application operations engineer	Lead application operations engineer	SEO/G7	ICT system administrator; database administrator	http://data.europa.eu/esco/occupation/9e2e6e1e-363b-4e1b-a673-7bc0f7343300; http://data.europa.eu/esco/occupation/8c57af09-719c-42b3-be40-6ed4946236cc	490	docs/roles/application-operations-engineer/
IT operations	application-operations-engineer	Application operations engineer	Principal application operations engineer	8b	Application operations engineer	Principal application operations engineer	G6	ICT system administrator; database administrator	http://data.europa.eu/esco/occupation/9e2e6e1e-363b-4e1b-a673-7bc0f7343300; http://data.europa.eu/esco/occupation/8c57af09-719c-42b3-be40-6ed4946236cc	600	docs/roles/application-operations-engineer/
Product and delivery	business-analyst	Business analyst	Trainee business analyst	4	Business analyst	Trainee business analyst	EO	business analyst; ICT business analyst	http://data.europa.eu/esco/occupation/60082a99-d8ef-4e84-9290-78902681b6ed; http://data.europa.eu/esco/occupation/fe0fa514-b48d-4a53-9757-a283c0baacf0	275	docs/roles/business-analyst/
Product and delivery	business-analyst	Business analyst	Junior business analyst	5	Business analyst	Junior business analyst	EO/HEO	business analyst; ICT business analyst	http://data.europa.eu/esco/occupation/60082a99-d8ef-4e84-9290-78902681b6ed; http://data.europa.eu/esco/occupation/fe0fa514-b48d-4a53-9757-a283c0baacf0	335	docs/roles/business-analyst/
Product and delivery	business-analyst	Business analyst	Business analyst	6	Business analyst	Business analyst	HEO/SEO	business analyst; ICT business analyst	http://data.europa.eu/esco/occupation/60082a99-d8ef-4e84-9290-78902681b6ed; http://data.europa.eu/esco/occupation/fe0fa514-b48d-4a53-9757-a283c0baacf0	421	docs/roles/business-analyst/
Product and delivery	business-analyst	Business analyst	Senior business analyst	7	Business analyst	Senior business analyst	SEO/G7	business analyst; ICT business analyst	http://data.europa.eu/esco/occupation/60082a99-d8ef-4e84-9290-78902681b6ed; http://data.europa.eu/esco/occupation/fe0fa514-b48d-4a53-9757-a283c0baacf0	475	docs/roles/business-analyst/
Product and delivery	business-analyst	Business analyst	Lead business analyst	8a	Business analyst	Lead business analyst	G7	business analyst; ICT business analyst	http://data.europa.eu/esco/occupation/60082a99-d8ef-4e84-9290-78902681b6ed; http://data.europa.eu/esco/occupation/fe0fa514-b48d-4a53-9757-a283c0baacf0	554	docs/roles/business-analyst/
Product and delivery	business-analyst	Business analyst	Head of business analysis	8c	Business analyst	Head of business analysis	G6	business analyst; ICT business analyst	http://data.europa.eu/esco/occupation/60082a99-d8ef-4e84-9290-78902681b6ed; http://data.europa.eu/esco/occupation/fe0fa514-b48d-4a53-9757-a283c0baacf0	634	docs/roles/business-analyst/
Architecture	business-architect	Business architect	Trainee business architect	6	Business architect	Trainee business architect	EO/HEO	enterprise architect; ICT business analysis manager	http://data.europa.eu/esco/occupation/2bef94db-0088-4507-982a-2ca717529adb; http://data.europa.eu/esco/occupation/4b3201cb-ffc5-4f61-9fc3-5c0f0038fa5f	412	docs/roles/business-architect/
Architecture	business-architect	Business architect	Associate business architect	7	Business architect	Associate business architect	SEO	enterprise architect; ICT business analysis manager	http://data.europa.eu/esco/occupation/2bef94db-0088-4507-982a-2ca717529adb; http://data.europa.eu/esco/occupation/4b3201cb-ffc5-4f61-9fc3-5c0f0038fa5f	483	docs/roles/business-architect/
Architecture	business-architect	Business architect	Business architect	8a	Business architect	Business architect	SEO/G7	enterprise architect; ICT business analysis manager	http://data.europa.eu/esco/occupation/2bef94db-0088-4507-982a-2ca717529adb; http://data.europa.eu/esco/occupation/4b3201cb-ffc5-4f61-9fc3-5c0f0038fa5f	560	docs/roles/business-architect/
Architecture	business-architect	Business architect	Lead business architect	8b	Business architect	Lead business architect	G7/G6	enterprise architect; ICT business analysis manager	http://data.europa.eu/esco/occupation/2bef94db-0088-4507-982a-2ca717529adb; http://data.europa.eu/esco/occupation/4b3201cb-ffc5-4f61-9fc3-5c0f0038fa5f	613	docs/roles/business-architect/
Procurement and commercial	category-manager	Category manager	Category manager (digital and technology)	8a				procurement category specialist; public procurement specialist	http://data.europa.eu/esco/occupation/0561328b-875b-4ae2-9ba1-9af9049aef01; http://data.europa.eu/esco/occupation/cb4f98c8-6b8d-41d8-87eb-a2a2033a3a25	553	docs/roles/category-manager/
Procurement and commercial	category-manager	Category manager	Senior category manager	8b				procurement category specialist; public procurement specialist	http://data.europa.eu/esco/occupation/0561328b-875b-4ae2-9ba1-9af9049aef01; http://data.europa.eu/esco/occupation/cb4f98c8-6b8d-41d8-87eb-a2a2033a3a25	595	docs/roles/category-manager/
Procurement and commercial	category-manager	Category manager	Head of category	8c				procurement category specialist; public procurement specialist	http://data.europa.eu/esco/occupation/0561328b-875b-4ae2-9ba1-9af9049aef01; http://data.europa.eu/esco/occupation/cb4f98c8-6b8d-41d8-87eb-a2a2033a3a25	646	docs/roles/category-manager/
IT operations	change-and-release-manager	Change and release manager	Configuration analyst	4	Change and release manager	Configuration analyst	HEO/SEO	ICT change and configuration manager	http://data.europa.eu/esco/occupation/3b1ea27c-781c-41eb-821f-214285260dd2	278	docs/roles/change-and-release-manager/
IT operations	change-and-release-manager	Change and release manager	Change and release analyst	5	Change and release manager	Change and release analyst	EO/HEO	ICT change and configuration manager	http://data.europa.eu/esco/occupation/3b1ea27c-781c-41eb-821f-214285260dd2	370	docs/roles/change-and-release-manager/
IT operations	change-and-release-manager	Change and release manager	Change and release manager	6	Change and release manager	Change and release manager	HEO/SEO/G7	ICT change and configuration manager	http://data.europa.eu/esco/occupation/3b1ea27c-781c-41eb-821f-214285260dd2	443	docs/roles/change-and-release-manager/
Clinical informatics and clinical safety	chief-clinical-information-officer	Chief clinical information officer	Deputy chief clinical information officer	8d				clinical informatics manager; chief information officer	http://data.europa.eu/esco/occupation/ef909843-97c6-4c48-8038-2e7aefdfcad5; http://data.europa.eu/esco/occupation/82f90e87-de92-4678-adae-61d3e5f7e1e4	701	docs/roles/chief-clinical-information-officer/
Clinical informatics and clinical safety	chief-clinical-information-officer	Chief clinical information officer	Chief clinical information officer	9				clinical informatics manager; chief information officer	http://data.europa.eu/esco/occupation/ef909843-97c6-4c48-8038-2e7aefdfcad5; http://data.europa.eu/esco/occupation/82f90e87-de92-4678-adae-61d3e5f7e1e4	755	docs/roles/chief-clinical-information-officer/
Data	clinical-coder	Clinical coder	Trainee clinical coder	3				clinical coder	http://data.europa.eu/esco/occupation/6219f0ef-6414-4d01-9221-41ac25dcb409	233	docs/roles/clinical-coder/
Data	clinical-coder	Clinical coder	Clinical coder	4				clinical coder	http://data.europa.eu/esco/occupation/6219f0ef-6414-4d01-9221-41ac25dcb409	282	docs/roles/clinical-coder/
Data	clinical-coder	Clinical coder	Senior clinical coder	5				clinical coder	http://data.europa.eu/esco/occupation/6219f0ef-6414-4d01-9221-41ac25dcb409	354	docs/roles/clinical-coder/
Data	clinical-coder	Clinical coder	Clinical coding auditor and trainer	6				clinical coder	http://data.europa.eu/esco/occupation/6219f0ef-6414-4d01-9221-41ac25dcb409	446	docs/roles/clinical-coder/
Data	clinical-coder	Clinical coder	Clinical coding manager	7				clinical coder	http://data.europa.eu/esco/occupation/6219f0ef-6414-4d01-9221-41ac25dcb409	500	docs/roles/clinical-coder/
Clinical informatics and clinical safety	clinical-informatician	Clinical informatician	Clinical informatics specialist	6				clinical informatics manager	http://data.europa.eu/esco/occupation/ef909843-97c6-4c48-8038-2e7aefdfcad5	452	docs/roles/clinical-informatician/
Clinical informatics and clinical safety	clinical-informatician	Clinical informatician	Senior clinical informatician	7				clinical informatics manager	http://data.europa.eu/esco/occupation/ef909843-97c6-4c48-8038-2e7aefdfcad5	525	docs/roles/clinical-informatician/
Clinical informatics and clinical safety	clinical-informatician	Clinical informatician	Lead clinical informatician	8a				clinical informatics manager	http://data.europa.eu/esco/occupation/ef909843-97c6-4c48-8038-2e7aefdfcad5	580	docs/roles/clinical-informatician/
Clinical informatics and clinical safety	clinical-informatician	Clinical informatician	Head of clinical informatics	8c				clinical informatics manager	http://data.europa.eu/esco/occupation/ef909843-97c6-4c48-8038-2e7aefdfcad5	663	docs/roles/clinical-informatician/
Clinical informatics and clinical safety	clinical-safety-officer	Clinical safety officer	Clinical safety officer	7				clinical informatics manager; regulatory affairs manager	http://data.europa.eu/esco/occupation/ef909843-97c6-4c48-8038-2e7aefdfcad5; http://data.europa.eu/esco/occupation/779d13be-60b4-48f3-a339-fe483be96c7f	522	docs/roles/clinical-safety-officer/
Clinical informatics and clinical safety	clinical-safety-officer	Clinical safety officer	Senior clinical safety officer	8a				clinical informatics manager; regulatory affairs manager	http://data.europa.eu/esco/occupation/ef909843-97c6-4c48-8038-2e7aefdfcad5; http://data.europa.eu/esco/occupation/779d13be-60b4-48f3-a339-fe483be96c7f	577	docs/roles/clinical-safety-officer/
Clinical informatics and clinical safety	clinical-safety-officer	Clinical safety officer	Head of clinical safety	8b				clinical informatics manager; regulatory affairs manager	http://data.europa.eu/esco/occupation/ef909843-97c6-4c48-8038-2e7aefdfcad5; http://data.europa.eu/esco/occupation/779d13be-60b4-48f3-a339-fe483be96c7f	619	docs/roles/clinical-safety-officer/
Corporate services	communications-officer	Communications officer	Communications officer	4				public relations officer; communication manager	http://data.europa.eu/esco/occupation/c0489e22-6a1b-4e52-974a-eb71bbb42134; http://data.europa.eu/esco/occupation/cd7b838c-51f6-41ec-9067-bb974c0f991b	288	docs/roles/communications-officer/
Corporate services	communications-officer	Communications officer	Senior communications officer	5				public relations officer; communication manager	http://data.europa.eu/esco/occupation/c0489e22-6a1b-4e52-974a-eb71bbb42134; http://data.europa.eu/esco/occupation/cd7b838c-51f6-41ec-9067-bb974c0f991b	371	docs/roles/communications-officer/
Corporate services	communications-officer	Communications officer	Communications lead	6				public relations officer; communication manager	http://data.europa.eu/esco/occupation/c0489e22-6a1b-4e52-974a-eb71bbb42134; http://data.europa.eu/esco/occupation/cd7b838c-51f6-41ec-9067-bb974c0f991b	441	docs/roles/communications-officer/
Corporate services	communications-officer	Communications officer	Communications manager	7				public relations officer; communication manager	http://data.europa.eu/esco/occupation/c0489e22-6a1b-4e52-974a-eb71bbb42134; http://data.europa.eu/esco/occupation/cd7b838c-51f6-41ec-9067-bb974c0f991b	490	docs/roles/communications-officer/
Corporate services	communications-officer	Communications officer	Head of communications	8b				public relations officer; communication manager	http://data.europa.eu/esco/occupation/c0489e22-6a1b-4e52-974a-eb71bbb42134; http://data.europa.eu/esco/occupation/cd7b838c-51f6-41ec-9067-bb974c0f991b	615	docs/roles/communications-officer/
User-centred design	content-designer	Content designer	Associate content designer	4	Content designer	Associate content designer	EO	web content manager; technical communicator	http://data.europa.eu/esco/occupation/a74f6c51-37e5-423e-aa5b-044e98663027; http://data.europa.eu/esco/occupation/8cb59bc4-1f39-477e-beea-effed12d186c	275	docs/roles/content-designer/
User-centred design	content-designer	Content designer	Junior content designer	5	Content designer	Junior content designer	EO/HEO	web content manager; technical communicator	http://data.europa.eu/esco/occupation/a74f6c51-37e5-423e-aa5b-044e98663027; http://data.europa.eu/esco/occupation/8cb59bc4-1f39-477e-beea-effed12d186c	335	docs/roles/content-designer/
User-centred design	content-designer	Content designer	Content designer	6	Content designer	Content designer	HEO/SEO	web content manager; technical communicator	http://data.europa.eu/esco/occupation/a74f6c51-37e5-423e-aa5b-044e98663027; http://data.europa.eu/esco/occupation/8cb59bc4-1f39-477e-beea-effed12d186c	421	docs/roles/content-designer/
User-centred design	content-designer	Content designer	Senior content designer	7	Content designer	Senior content designer	SEO/G7	web content manager; technical communicator	http://data.europa.eu/esco/occupation/a74f6c51-37e5-423e-aa5b-044e98663027; http://data.europa.eu/esco/occupation/8cb59bc4-1f39-477e-beea-effed12d186c	481	docs/roles/content-designer/
User-centred design	content-designer	Content designer	Lead content designer	8b	Content designer	Lead content designer	G7/G6	web content manager; technical communicator	http://data.europa.eu/esco/occupation/a74f6c51-37e5-423e-aa5b-044e98663027; http://data.europa.eu/esco/occupation/8cb59bc4-1f39-477e-beea-effed12d186c	602	docs/roles/content-designer/
User-centred design	content-designer	Content designer	Head of content design	8c	Content designer	Head of content design	G7/G6	web content manager; technical communicator	http://data.europa.eu/esco/occupation/a74f6c51-37e5-423e-aa5b-044e98663027; http://data.europa.eu/esco/occupation/8cb59bc4-1f39-477e-beea-effed12d186c	640	docs/roles/content-designer/
Procurement and commercial	contract-manager	Contract manager	Contract manager	7				contract manager	http://data.europa.eu/esco/occupation/2c9939ef-ebab-4111-8f27-605ae8782791	485	docs/roles/contract-manager/
Procurement and commercial	contract-manager	Contract manager	Senior contract manager	8a				contract manager	http://data.europa.eu/esco/occupation/2c9939ef-ebab-4111-8f27-605ae8782791	553	docs/roles/contract-manager/
Procurement and commercial	contract-manager	Contract manager	Lead contract manager	8b				contract manager	http://data.europa.eu/esco/occupation/2c9939ef-ebab-4111-8f27-605ae8782791	595	docs/roles/contract-manager/
Cyber security	cyber-security-manager	Cyber security manager	Cyber security manager	8a				cybersecurity risk manager; chief ICT security officer	http://data.europa.eu/esco/occupation/7754d570-9519-48c2-b1c9-8e165f8bca0f; http://data.europa.eu/esco/occupation/276ba420-ef09-4a0e-b215-2c2e2f80ad28	566	docs/roles/cyber-security-manager/
Cyber security	cyber-security-manager	Cyber security manager	Senior cyber security manager	8b				cybersecurity risk manager; chief ICT security officer	http://data.europa.eu/esco/occupation/7754d570-9519-48c2-b1c9-8e165f8bca0f; http://data.europa.eu/esco/occupation/276ba420-ef09-4a0e-b215-2c2e2f80ad28	606	docs/roles/cyber-security-manager/
Cyber security	cyber-security-manager	Cyber security manager	Head of cyber security	8c				cybersecurity risk manager; chief ICT security officer	http://data.europa.eu/esco/occupation/7754d570-9519-48c2-b1c9-8e165f8bca0f; http://data.europa.eu/esco/occupation/276ba420-ef09-4a0e-b215-2c2e2f80ad28	646	docs/roles/cyber-security-manager/
Cyber security	cyber-security-manager	Cyber security manager	Chief information security officer	8d				cybersecurity risk manager; chief ICT security officer	http://data.europa.eu/esco/occupation/7754d570-9519-48c2-b1c9-8e165f8bca0f; http://data.europa.eu/esco/occupation/276ba420-ef09-4a0e-b215-2c2e2f80ad28	716	docs/roles/cyber-security-manager/
Data	data-analyst	Data analyst	Associate data analyst	5	Data analyst	Associate data analyst	EO/HEO	data analyst	http://data.europa.eu/esco/occupation/d3edb8f8-3a06-47a0-8fb9-9b212c006aa2	335	docs/roles/data-analyst/
Data	data-analyst	Data analyst	Data analyst	6	Data analyst	Data analyst	HEO/SEO	data analyst	http://data.europa.eu/esco/occupation/d3edb8f8-3a06-47a0-8fb9-9b212c006aa2	418	docs/roles/data-analyst/
Data	data-analyst	Data analyst	Senior data analyst	7	Data analyst	Senior data analyst	SEO/G7	data analyst	http://data.europa.eu/esco/occupation/d3edb8f8-3a06-47a0-8fb9-9b212c006aa2	480	docs/roles/data-analyst/
Data	data-analyst	Data analyst	Principal data analyst	8b	Data analyst	Principal data analyst	G7/G6	data analyst	http://data.europa.eu/esco/occupation/d3edb8f8-3a06-47a0-8fb9-9b212c006aa2	595	docs/roles/data-analyst/
Architecture	data-architect	Data architect	Data architect	8a	Data architect	Data architect	SEO/G7	database designer; data warehouse designer	http://data.europa.eu/esco/occupation/8d9ec84d-cf2d-4179-87bc-335cda54a427; http://data.europa.eu/esco/occupation/1562c7a3-c7d9-419d-b9b6-db26610bcf84	560	docs/roles/data-architect/
Architecture	data-architect	Data architect	Senior data architect	8b	Data architect	Senior data architect	G7/G6	database designer; data warehouse designer	http://data.europa.eu/esco/occupation/8d9ec84d-cf2d-4179-87bc-335cda54a427; http://data.europa.eu/esco/occupation/1562c7a3-c7d9-419d-b9b6-db26610bcf84	613	docs/roles/data-architect/
Architecture	data-architect	Data architect	Chief data architect	8c	Data architect	Chief data architect	G6	database designer; data warehouse designer	http://data.europa.eu/esco/occupation/8d9ec84d-cf2d-4179-87bc-335cda54a427; http://data.europa.eu/esco/occupation/1562c7a3-c7d9-419d-b9b6-db26610bcf84	662	docs/roles/data-architect/
Data	data-engineer	Data engineer	Data engineer	6	Data engineer	Data engineer	HEO/SEO	data engineer	http://data.europa.eu/esco/occupation/2079755f-d809-49e6-8037-4de6180e54c0	421	docs/roles/data-engineer/
Data	data-engineer	Data engineer	Senior data engineer	7	Data engineer	Senior data engineer	SEO/G7	data engineer	http://data.europa.eu/esco/occupation/2079755f-d809-49e6-8037-4de6180e54c0	477	docs/roles/data-engineer/
Data	data-engineer	Data engineer	Lead data engineer	8a	Data engineer	Lead data engineer	G7	data engineer	http://data.europa.eu/esco/occupation/2079755f-d809-49e6-8037-4de6180e54c0	551	docs/roles/data-engineer/
Data	data-engineer	Data engineer	Head of data engineering	8b	Data engineer	Head of data engineering	G7/G6	data engineer	http://data.europa.eu/esco/occupation/2079755f-d809-49e6-8037-4de6180e54c0	589	docs/roles/data-engineer/
Data	data-governance-manager	Data governance manager	Data governance manager	7	Data governance manager	Data governance manager	HEO/SEO/G7	data quality specialist; ICT information and knowledge manager	http://data.europa.eu/esco/occupation/7086d0ca-1e77-4690-89c9-7ed1a0478fa3; http://data.europa.eu/esco/occupation/810e5e67-acd5-499a-b307-cf5bea330859	491	docs/roles/data-governance-manager/
Data	data-governance-manager	Data governance manager	Lead data governance manager	8b	Data governance manager	Lead data governance manager	G7/G6	data quality specialist; ICT information and knowledge manager	http://data.europa.eu/esco/occupation/7086d0ca-1e77-4690-89c9-7ed1a0478fa3; http://data.europa.eu/esco/occupation/810e5e67-acd5-499a-b307-cf5bea330859	589	docs/roles/data-governance-manager/
Data	data-governance-manager	Data governance manager	Head of data governance	8c	Data governance manager	Head of data governance	G6	data quality specialist; ICT information and knowledge manager	http://data.europa.eu/esco/occupation/7086d0ca-1e77-4690-89c9-7ed1a0478fa3; http://data.europa.eu/esco/occupation/810e5e67-acd5-499a-b307-cf5bea330859	637	docs/roles/data-governance-manager/
Information governance	data-protection-officer	Data protection officer	Deputy data protection officer	8a				data protection officer	http://data.europa.eu/esco/occupation/1619d7f3-7d95-407c-a20e-47745bfcde73	560	docs/roles/data-protection-officer/
Information governance	data-protection-officer	Data protection officer	Data protection officer	8b				data protection officer	http://data.europa.eu/esco/occupation/1619d7f3-7d95-407c-a20e-47745bfcde73	593	docs/roles/data-protection-officer/
Information governance	data-protection-officer	Data protection officer	Senior data protection officer	8c				data protection officer	http://data.europa.eu/esco/occupation/1619d7f3-7d95-407c-a20e-47745bfcde73	644	docs/roles/data-protection-officer/
Data	data-scientist	Data scientist	Trainee data scientist	4	Data scientist	Trainee data scientist	AO/EO	data scientist; statistician	http://data.europa.eu/esco/occupation/258e46f9-0075-4a2e-adae-1ff0477e0f30; http://data.europa.eu/esco/occupation/ac8b3cd1-a127-4e6a-8208-5cfcf7111955	276	docs/roles/data-scientist/
Data	data-scientist	Data scientist	Associate data scientist	5	Data scientist	Associate data scientist	EO/HEO	data scientist; statistician	http://data.europa.eu/esco/occupation/258e46f9-0075-4a2e-adae-1ff0477e0f30; http://data.europa.eu/esco/occupation/ac8b3cd1-a127-4e6a-8208-5cfcf7111955	350	docs/roles/data-scientist/
Data	data-scientist	Data scientist	Data scientist	6	Data scientist	Data scientist	HEO/SEO	data scientist; statistician	http://data.europa.eu/esco/occupation/258e46f9-0075-4a2e-adae-1ff0477e0f30; http://data.europa.eu/esco/occupation/ac8b3cd1-a127-4e6a-8208-5cfcf7111955	427	docs/roles/data-scientist/
Data	data-scientist	Data scientist	Principal data scientist	7	Data scientist	Principal data scientist	SEO/G7	data scientist; statistician	http://data.europa.eu/esco/occupation/258e46f9-0075-4a2e-adae-1ff0477e0f30; http://data.europa.eu/esco/occupation/ac8b3cd1-a127-4e6a-8208-5cfcf7111955	507	docs/roles/data-scientist/
Data	data-scientist	Data scientist	Lead data scientist	8a	Data scientist	Lead data scientist	G7/G6	data scientist; statistician	http://data.europa.eu/esco/occupation/258e46f9-0075-4a2e-adae-1ff0477e0f30; http://data.europa.eu/esco/occupation/ac8b3cd1-a127-4e6a-8208-5cfcf7111955	560	docs/roles/data-scientist/
Data	data-scientist	Data scientist	Head of data science	8b	Data scientist	Head of data science	G7/G6	data scientist; statistician	http://data.europa.eu/esco/occupation/258e46f9-0075-4a2e-adae-1ff0477e0f30; http://data.europa.eu/esco/occupation/ac8b3cd1-a127-4e6a-8208-5cfcf7111955	603	docs/roles/data-scientist/
Product and delivery	delivery-manager	Delivery manager	Associate delivery manager	5	Delivery manager	Associate delivery manager	EO/HEO	ICT project manager	http://data.europa.eu/esco/occupation/8b6388a4-4904-471b-9331-d3b1211f5525	335	docs/roles/delivery-manager/
Product and delivery	delivery-manager	Delivery manager	Delivery manager	7	Delivery manager	Delivery manager	SEO/G7	ICT project manager	http://data.europa.eu/esco/occupation/8b6388a4-4904-471b-9331-d3b1211f5525	477	docs/roles/delivery-manager/
Product and delivery	delivery-manager	Delivery manager	Senior delivery manager	8a	Delivery manager	Senior delivery manager	G7	ICT project manager	http://data.europa.eu/esco/occupation/8b6388a4-4904-471b-9331-d3b1211f5525	553	docs/roles/delivery-manager/
Product and delivery	delivery-manager	Delivery manager	Head of delivery management	8c	Delivery manager	Head of (Agile) delivery management	G6	ICT project manager	http://data.europa.eu/esco/occupation/8b6388a4-4904-471b-9331-d3b1211f5525	633	docs/roles/delivery-manager/
Software development	devops-engineer	DevOps engineer	Apprentice DevOps engineer	4	Development operations (DevOps) engineer	Apprentice DevOps engineer	AO/EO	cloud DevOps engineer; cloud engineer	http://data.europa.eu/esco/occupation/cc867bee-ab5c-427f-9244-f7a204d9574b; http://data.europa.eu/esco/occupation/349ee6f6-c295-4c38-9b98-48765b55280e	276	docs/roles/devops-engineer/
Software development	devops-engineer	DevOps engineer	Junior DevOps engineer	5	Development operations (DevOps) engineer	Junior DevOps engineer	EO	cloud DevOps engineer; cloud engineer	http://data.europa.eu/esco/occupation/cc867bee-ab5c-427f-9244-f7a204d9574b; http://data.europa.eu/esco/occupation/349ee6f6-c295-4c38-9b98-48765b55280e	335	docs/roles/devops-engineer/
Software development	devops-engineer	DevOps engineer	DevOps engineer	6	Development operations (DevOps) engineer	DevOps engineer	HEO/SEO	cloud DevOps engineer; cloud engineer	http://data.europa.eu/esco/occupation/cc867bee-ab5c-427f-9244-f7a204d9574b; http://data.europa.eu/esco/occupation/349ee6f6-c295-4c38-9b98-48765b55280e	418	docs/roles/devops-engineer/
Software development	devops-engineer	DevOps engineer	Senior DevOps engineer	7	Development operations (DevOps) engineer	Senior DevOps engineer	SEO/G7	cloud DevOps engineer; cloud engineer	http://data.europa.eu/esco/occupation/cc867bee-ab5c-427f-9244-f7a204d9574b; http://data.europa.eu/esco/occupation/349ee6f6-c295-4c38-9b98-48765b55280e	477	docs/roles/devops-engineer/
Software development	devops-engineer	DevOps engineer	Lead DevOps engineer	8b	Development operations (DevOps) engineer	Lead DevOps engineer	G7/G6	cloud DevOps engineer; cloud engineer	http://data.europa.eu/esco/occupation/cc867bee-ab5c-427f-9244-f7a204d9574b; http://data.europa.eu/esco/occupation/349ee6f6-c295-4c38-9b98-48765b55280e	604	docs/roles/devops-engineer/
Software development	devops-engineer	DevOps engineer	Principal DevOps engineer	8c	Development operations (DevOps) engineer	Principal DevOps engineer	G6	cloud DevOps engineer; cloud engineer	http://data.europa.eu/esco/occupation/cc867bee-ab5c-427f-9244-f7a204d9574b; http://data.europa.eu/esco/occupation/349ee6f6-c295-4c38-9b98-48765b55280e	646	docs/roles/devops-engineer/
Product and delivery	digital-portfolio-manager	Digital portfolio manager	Digital portfolio analyst	5	Digital portfolio manager	Digital portfolio analyst	HEO/SEO	programme manager	http://data.europa.eu/esco/occupation/c94f3565-d987-431f-a46b-6f4e018e0bd7	335	docs/roles/digital-portfolio-manager/
Product and delivery	digital-portfolio-manager	Digital portfolio manager	Digital portfolio manager	6	Digital portfolio manager	Digital portfolio manager	HEO/SEO	programme manager	http://data.europa.eu/esco/occupation/c94f3565-d987-431f-a46b-6f4e018e0bd7	409	docs/roles/digital-portfolio-manager/
Product and delivery	digital-portfolio-manager	Digital portfolio manager	Senior digital portfolio manager	8a	Digital portfolio manager	Senior digital portfolio manager	G7	programme manager	http://data.europa.eu/esco/occupation/c94f3565-d987-431f-a46b-6f4e018e0bd7	547	docs/roles/digital-portfolio-manager/
Product and delivery	digital-portfolio-manager	Digital portfolio manager	Head of digital portfolio	8c	Digital portfolio manager	Head of portfolio	G6	programme manager	http://data.europa.eu/esco/occupation/c94f3565-d987-431f-a46b-6f4e018e0bd7	640	docs/roles/digital-portfolio-manager/
IT operations	end-user-computing-engineer	End user computing engineer	Associate end user computing engineer	4	End user computing engineer	Associate end user computing engineer	EO	ICT technician	http://data.europa.eu/esco/occupation/3e7bf729-4442-4b9f-ad5e-83111963795c	275	docs/roles/end-user-computing-engineer/
IT operations	end-user-computing-engineer	End user computing engineer	End user computing engineer	5	End user computing engineer	End user computing engineer	EO/HEO	ICT technician	http://data.europa.eu/esco/occupation/3e7bf729-4442-4b9f-ad5e-83111963795c	354	docs/roles/end-user-computing-engineer/
IT operations	end-user-computing-engineer	End user computing engineer	Senior end user computing engineer	6	End user computing engineer	Senior end user computing engineer	HEO/SEO	ICT technician	http://data.europa.eu/esco/occupation/3e7bf729-4442-4b9f-ad5e-83111963795c	441	docs/roles/end-user-computing-engineer/
IT operations	end-user-computing-engineer	End user computing engineer	Lead end user computing engineer	7	End user computing engineer	Lead end user computing engineer	SEO/G7	ICT technician	http://data.europa.eu/esco/occupation/3e7bf729-4442-4b9f-ad5e-83111963795c	484	docs/roles/end-user-computing-engineer/
IT operations	end-user-computing-engineer	End user computing engineer	Principal end user computing engineer	8b	End user computing engineer	Principal end user computing engineer	G6	ICT technician	http://data.europa.eu/esco/occupation/3e7bf729-4442-4b9f-ad5e-83111963795c	594	docs/roles/end-user-computing-engineer/
Architecture	enterprise-architect	Enterprise architect	Enterprise architect	8a	Enterprise architect	Enterprise architect	HEO/SEO	enterprise architect	http://data.europa.eu/esco/occupation/2bef94db-0088-4507-982a-2ca717529adb	560	docs/roles/enterprise-architect/
Architecture	enterprise-architect	Enterprise architect	Senior enterprise architect	8b	Enterprise architect	Senior enterprise architect	SEO/G7	enterprise architect	http://data.europa.eu/esco/occupation/2bef94db-0088-4507-982a-2ca717529adb	622	docs/roles/enterprise-architect/
Architecture	enterprise-architect	Enterprise architect	Lead enterprise architect	8c	Enterprise architect	Lead enterprise architect	G7/G6	enterprise architect	http://data.europa.eu/esco/occupation/2bef94db-0088-4507-982a-2ca717529adb	658	docs/roles/enterprise-architect/
Architecture	enterprise-architect	Enterprise architect	Principal enterprise architect	8d	Enterprise architect	Principal enterprise architect	G6	enterprise architect	http://data.europa.eu/esco/occupation/2bef94db-0088-4507-982a-2ca717529adb	703	docs/roles/enterprise-architect/
Corporate services	executive-assistant	Executive assistant	Executive assistant	4				executive assistant	http://data.europa.eu/esco/occupation/2a04a1df-a3b9-403e-a245-e7f93fdddd44	307	docs/roles/executive-assistant/
Corporate services	executive-assistant	Executive assistant	Senior executive assistant	5				executive assistant	http://data.europa.eu/esco/occupation/2a04a1df-a3b9-403e-a245-e7f93fdddd44	346	docs/roles/executive-assistant/
Corporate services	executive-assistant	Executive assistant	Executive office manager	6				executive assistant	http://data.europa.eu/esco/occupation/2a04a1df-a3b9-403e-a245-e7f93fdddd44	423	docs/roles/executive-assistant/
Finance	finance-officer	Finance officer	Finance assistant	2				accounting assistant	http://data.europa.eu/esco/occupation/bfe142b9-a049-4d41-89c4-fd2f34ac56b6	183	docs/roles/finance-officer/
Finance	finance-officer	Finance officer	Finance officer	3				accounting assistant	http://data.europa.eu/esco/occupation/bfe142b9-a049-4d41-89c4-fd2f34ac56b6	232	docs/roles/finance-officer/
Finance	finance-officer	Finance officer	Senior finance officer	4				accounting assistant	http://data.europa.eu/esco/occupation/bfe142b9-a049-4d41-89c4-fd2f34ac56b6	286	docs/roles/finance-officer/
Finance	finance-officer	Finance officer	Finance team leader	5				accounting assistant	http://data.europa.eu/esco/occupation/bfe142b9-a049-4d41-89c4-fd2f34ac56b6	376	docs/roles/finance-officer/
Finance	financial-accountant	Financial accountant	Trainee financial accountant	5				accountant; public finance accountant	http://data.europa.eu/esco/occupation/eda0d957-3c3c-4139-b89a-a18bc9e18897; http://data.europa.eu/esco/occupation/78db356f-a96a-4456-ab29-2de62e52f830	367	docs/roles/financial-accountant/
Finance	financial-accountant	Financial accountant	Financial accountant	6				accountant; public finance accountant	http://data.europa.eu/esco/occupation/eda0d957-3c3c-4139-b89a-a18bc9e18897; http://data.europa.eu/esco/occupation/78db356f-a96a-4456-ab29-2de62e52f830	437	docs/roles/financial-accountant/
Finance	financial-accountant	Financial accountant	Senior financial accountant	7				accountant; public finance accountant	http://data.europa.eu/esco/occupation/eda0d957-3c3c-4139-b89a-a18bc9e18897; http://data.europa.eu/esco/occupation/78db356f-a96a-4456-ab29-2de62e52f830	495	docs/roles/financial-accountant/
Finance	financial-accountant	Financial accountant	Financial accounting manager	8a				accountant; public finance accountant	http://data.europa.eu/esco/occupation/eda0d957-3c3c-4139-b89a-a18bc9e18897; http://data.europa.eu/esco/occupation/78db356f-a96a-4456-ab29-2de62e52f830	578	docs/roles/financial-accountant/
Finance	financial-accountant	Financial accountant	Head of financial accounts	8b				accountant; public finance accountant	http://data.europa.eu/esco/occupation/eda0d957-3c3c-4139-b89a-a18bc9e18897; http://data.europa.eu/esco/occupation/78db356f-a96a-4456-ab29-2de62e52f830	607	docs/roles/financial-accountant/
Software development	frontend-developer	Frontend developer	Apprentice frontend developer	4	Frontend developer	Apprentice frontend developer	AO/EO	web developer; user interface developer	http://data.europa.eu/esco/occupation/c40a2919-48a9-40ea-b506-1f34f693496d; http://data.europa.eu/esco/occupation/866c7813-2c03-47d7-9bdc-192cfbace57c	276	docs/roles/frontend-developer/
Software development	frontend-developer	Frontend developer	Junior frontend developer	5	Frontend developer	Junior frontend developer	EO/HEO	web developer; user interface developer	http://data.europa.eu/esco/occupation/c40a2919-48a9-40ea-b506-1f34f693496d; http://data.europa.eu/esco/occupation/866c7813-2c03-47d7-9bdc-192cfbace57c	335	docs/roles/frontend-developer/
Software development	frontend-developer	Frontend developer	Frontend developer	6	Frontend developer	Frontend developer	HEO/SEO/G7	web developer; user interface developer	http://data.europa.eu/esco/occupation/c40a2919-48a9-40ea-b506-1f34f693496d; http://data.europa.eu/esco/occupation/866c7813-2c03-47d7-9bdc-192cfbace57c	418	docs/roles/frontend-developer/
Software development	frontend-developer	Frontend developer	Senior frontend developer	7	Frontend developer	Senior frontend developer	SEO/G7	web developer; user interface developer	http://data.europa.eu/esco/occupation/c40a2919-48a9-40ea-b506-1f34f693496d; http://data.europa.eu/esco/occupation/866c7813-2c03-47d7-9bdc-192cfbace57c	477	docs/roles/frontend-developer/
Software development	frontend-developer	Frontend developer	Lead frontend developer	8b	Frontend developer	Lead frontend developer	G7/G6	web developer; user interface developer	http://data.europa.eu/esco/occupation/c40a2919-48a9-40ea-b506-1f34f693496d; http://data.europa.eu/esco/occupation/866c7813-2c03-47d7-9bdc-192cfbace57c	604	docs/roles/frontend-developer/
Software development	frontend-developer	Frontend developer	Head of frontend development	8c	Frontend developer	Head of frontend development	G6	web developer; user interface developer	http://data.europa.eu/esco/occupation/c40a2919-48a9-40ea-b506-1f34f693496d; http://data.europa.eu/esco/occupation/866c7813-2c03-47d7-9bdc-192cfbace57c	646	docs/roles/frontend-developer/
Corporate services	governance-and-risk-manager	Governance and risk manager	Governance officer	5				corporate risk manager	http://data.europa.eu/esco/occupation/b09acdda-6680-49d1-a411-129610ee3bc0	358	docs/roles/governance-and-risk-manager/
Corporate services	governance-and-risk-manager	Governance and risk manager	Senior governance and risk officer	6				corporate risk manager	http://data.europa.eu/esco/occupation/b09acdda-6680-49d1-a411-129610ee3bc0	428	docs/roles/governance-and-risk-manager/
Corporate services	governance-and-risk-manager	Governance and risk manager	Governance and risk manager	7				corporate risk manager	http://data.europa.eu/esco/occupation/b09acdda-6680-49d1-a411-129610ee3bc0	490	docs/roles/governance-and-risk-manager/
Corporate services	governance-and-risk-manager	Governance and risk manager	Head of corporate governance	8b				corporate risk manager	http://data.europa.eu/esco/occupation/b09acdda-6680-49d1-a411-129610ee3bc0	600	docs/roles/governance-and-risk-manager/
Finance	head-of-finance	Head of finance	Financial controller	8c				financial controller; financial manager	http://data.europa.eu/esco/occupation/5e5b1b61-1351-4d3b-a293-deb3661715dd; http://data.europa.eu/esco/occupation/30f3ea93-882a-4525-841c-1d5b4b64076f	653	docs/roles/head-of-finance/
Finance	head-of-finance	Head of finance	Deputy director of finance	8d				financial controller; financial manager	http://data.europa.eu/esco/occupation/5e5b1b61-1351-4d3b-a293-deb3661715dd; http://data.europa.eu/esco/occupation/30f3ea93-882a-4525-841c-1d5b4b64076f	710	docs/roles/head-of-finance/
Finance	head-of-finance	Head of finance	Director of finance	9				financial controller; financial manager	http://data.europa.eu/esco/occupation/5e5b1b61-1351-4d3b-a293-deb3661715dd; http://data.europa.eu/esco/occupation/30f3ea93-882a-4525-841c-1d5b4b64076f	761	docs/roles/head-of-finance/
Legal	head-of-legal	Head of legal services	Deputy head of legal services	8c				lawyer; legal consultant	http://data.europa.eu/esco/occupation/974d4eab-fbee-4c52-b16e-73bdd8c25b53; http://data.europa.eu/esco/occupation/31854d78-3615-43a4-aa3a-c597ecb20ceb	654	docs/roles/head-of-legal/
Legal	head-of-legal	Head of legal services	Head of legal services	8d				lawyer; legal consultant	http://data.europa.eu/esco/occupation/974d4eab-fbee-4c52-b16e-73bdd8c25b53; http://data.europa.eu/esco/occupation/31854d78-3615-43a4-aa3a-c597ecb20ceb	685	docs/roles/head-of-legal/
Legal	head-of-legal	Head of legal services	General counsel	9				lawyer; legal consultant	http://data.europa.eu/esco/occupation/974d4eab-fbee-4c52-b16e-73bdd8c25b53; http://data.europa.eu/esco/occupation/31854d78-3615-43a4-aa3a-c597ecb20ceb	733	docs/roles/head-of-legal/
Human resources	head-of-people	Head of people	Head of HR	8c				human resources manager	http://data.europa.eu/esco/occupation/f605bcd2-90b6-45a0-a558-d05016d68a77	637	docs/roles/head-of-people/
Human resources	head-of-people	Head of people	Deputy director of people	8d				human resources manager	http://data.europa.eu/esco/occupation/f605bcd2-90b6-45a0-a558-d05016d68a77	681	docs/roles/head-of-people/
Human resources	head-of-people	Head of people	Director of people	9				human resources manager	http://data.europa.eu/esco/occupation/f605bcd2-90b6-45a0-a558-d05016d68a77	739	docs/roles/head-of-people/
Procurement and commercial	head-of-procurement	Head of procurement	Head of procurement	8c				procurement department manager; purchasing manager	http://data.europa.eu/esco/occupation/91f93dc4-1b71-4053-b6fb-c579ec19303a; http://data.europa.eu/esco/occupation/377865f0-c327-4599-8c7e-d428c6588edf	646	docs/roles/head-of-procurement/
Procurement and commercial	head-of-procurement	Head of procurement	Head of commercial	8d				procurement department manager; purchasing manager	http://data.europa.eu/esco/occupation/91f93dc4-1b71-4053-b6fb-c579ec19303a; http://data.europa.eu/esco/occupation/377865f0-c327-4599-8c7e-d428c6588edf	703	docs/roles/head-of-procurement/
Procurement and commercial	head-of-procurement	Head of procurement	Director of procurement and commercial	9				procurement department manager; purchasing manager	http://data.europa.eu/esco/occupation/91f93dc4-1b71-4053-b6fb-c579ec19303a; http://data.europa.eu/esco/occupation/377865f0-c327-4599-8c7e-d428c6588edf	739	docs/roles/head-of-procurement/
Human resources	hr-business-partner	Human resources business partner	HR business partner	7				human resources manager; human resources officer	http://data.europa.eu/esco/occupation/f605bcd2-90b6-45a0-a558-d05016d68a77; http://data.europa.eu/esco/occupation/d3e32e5e-7f24-48e3-b939-e4f800eb62fb	473	docs/roles/hr-business-partner/
Human resources	hr-business-partner	Human resources business partner	Senior HR business partner	8a				human resources manager; human resources officer	http://data.europa.eu/esco/occupation/f605bcd2-90b6-45a0-a558-d05016d68a77; http://data.europa.eu/esco/occupation/d3e32e5e-7f24-48e3-b939-e4f800eb62fb	544	docs/roles/hr-business-partner/
Human resources	hr-business-partner	Human resources business partner	Head of HR business partnering	8b				human resources manager; human resources officer	http://data.europa.eu/esco/occupation/f605bcd2-90b6-45a0-a558-d05016d68a77; http://data.europa.eu/esco/occupation/d3e32e5e-7f24-48e3-b939-e4f800eb62fb	592	docs/roles/hr-business-partner/
Human resources	hr-officer	Human resources officer	HR assistant	3				human resources assistant; human resources officer	http://data.europa.eu/esco/occupation/d8ed1703-9c03-4ea0-83cc-b6169bc54ffd; http://data.europa.eu/esco/occupation/d3e32e5e-7f24-48e3-b939-e4f800eb62fb	229	docs/roles/hr-officer/
Human resources	hr-officer	Human resources officer	HR officer	4				human resources assistant; human resources officer	http://data.europa.eu/esco/occupation/d8ed1703-9c03-4ea0-83cc-b6169bc54ffd; http://data.europa.eu/esco/occupation/d3e32e5e-7f24-48e3-b939-e4f800eb62fb	276	docs/roles/hr-officer/
Human resources	hr-officer	Human resources officer	HR adviser	5				human resources assistant; human resources officer	http://data.europa.eu/esco/occupation/d8ed1703-9c03-4ea0-83cc-b6169bc54ffd; http://data.europa.eu/esco/occupation/d3e32e5e-7f24-48e3-b939-e4f800eb62fb	345	docs/roles/hr-officer/
Human resources	hr-officer	Human resources officer	Senior HR adviser	6				human resources assistant; human resources officer	http://data.europa.eu/esco/occupation/d8ed1703-9c03-4ea0-83cc-b6169bc54ffd; http://data.europa.eu/esco/occupation/d3e32e5e-7f24-48e3-b939-e4f800eb62fb	416	docs/roles/hr-officer/
IT operations	incident-manager	Incident manager	Incident manager	5	Incident manager	Incident manager	EO/HEO	ICT operations manager	http://data.europa.eu/esco/occupation/f0ca39a8-1e30-487c-95f9-ef2d5e734adc	370	docs/roles/incident-manager/
IT operations	incident-manager	Incident manager	Major incident manager	7	Incident manager	Major incident manager	SEO/G7	ICT operations manager	http://data.europa.eu/esco/occupation/f0ca39a8-1e30-487c-95f9-ef2d5e734adc	496	docs/roles/incident-manager/
Information governance	information-governance-officer	Information governance officer	Information governance officer	4				data protection officer; document management officer	http://data.europa.eu/esco/occupation/1619d7f3-7d95-407c-a20e-47745bfcde73; http://data.europa.eu/esco/occupation/ef5b17a5-3ca8-4965-bd3d-61c4aca490d1	302	docs/roles/information-governance-officer/
Information governance	information-governance-officer	Information governance officer	Senior information governance officer	5				data protection officer; document management officer	http://data.europa.eu/esco/occupation/1619d7f3-7d95-407c-a20e-47745bfcde73; http://data.europa.eu/esco/occupation/ef5b17a5-3ca8-4965-bd3d-61c4aca490d1	364	docs/roles/information-governance-officer/
Information governance	information-governance-officer	Information governance officer	Information governance lead	6				data protection officer; document management officer	http://data.europa.eu/esco/occupation/1619d7f3-7d95-407c-a20e-47745bfcde73; http://data.europa.eu/esco/occupation/ef5b17a5-3ca8-4965-bd3d-61c4aca490d1	434	docs/roles/information-governance-officer/
Information governance	information-governance-officer	Information governance officer	Information governance manager	7				data protection officer; document management officer	http://data.europa.eu/esco/occupation/1619d7f3-7d95-407c-a20e-47745bfcde73; http://data.europa.eu/esco/occupation/ef5b17a5-3ca8-4965-bd3d-61c4aca490d1	490	docs/roles/information-governance-officer/
Information governance	information-governance-officer	Information governance officer	Head of information governance	8a				data protection officer; document management officer	http://data.europa.eu/esco/occupation/1619d7f3-7d95-407c-a20e-47745bfcde73; http://data.europa.eu/esco/occupation/ef5b17a5-3ca8-4965-bd3d-61c4aca490d1	560	docs/roles/information-governance-officer/
IT operations	infrastructure-engineer	Infrastructure engineer	Associate infrastructure engineer	4	Infrastructure engineer	Associate infrastructure engineer	EO	ICT system administrator; ICT network engineer; cloud engineer	http://data.europa.eu/esco/occupation/9e2e6e1e-363b-4e1b-a673-7bc0f7343300; http://data.europa.eu/esco/occupation/cf2b03cd-feb7-4f47-90f6-ff1ed6016d3d; http://data.europa.eu/esco/occupation/349ee6f6-c295-4c38-9b98-48765b55280e	275	docs/roles/infrastructure-engineer/
IT operations	infrastructure-engineer	Infrastructure engineer	Infrastructure engineer	6	Infrastructure engineer	Infrastructure engineer	HEO/SEO	ICT system administrator; ICT network engineer; cloud engineer	http://data.europa.eu/esco/occupation/9e2e6e1e-363b-4e1b-a673-7bc0f7343300; http://data.europa.eu/esco/occupation/cf2b03cd-feb7-4f47-90f6-ff1ed6016d3d; http://data.europa.eu/esco/occupation/349ee6f6-c295-4c38-9b98-48765b55280e	434	docs/roles/infrastructure-engineer/
IT operations	infrastructure-engineer	Infrastructure engineer	Senior infrastructure engineer	7	Infrastructure engineer	Senior infrastructure engineer	SEO/G7	ICT system administrator; ICT network engineer; cloud engineer	http://data.europa.eu/esco/occupation/9e2e6e1e-363b-4e1b-a673-7bc0f7343300; http://data.europa.eu/esco/occupation/cf2b03cd-feb7-4f47-90f6-ff1ed6016d3d; http://data.europa.eu/esco/occupation/349ee6f6-c295-4c38-9b98-48765b55280e	490	docs/roles/infrastructure-engineer/
IT operations	infrastructure-engineer	Infrastructure engineer	Lead infrastructure engineer	8a	Infrastructure engineer	Lead infrastructure engineer	G7/G6	ICT system administrator; ICT network engineer; cloud engineer	http://data.europa.eu/esco/occupation/9e2e6e1e-363b-4e1b-a673-7bc0f7343300; http://data.europa.eu/esco/occupation/cf2b03cd-feb7-4f47-90f6-ff1ed6016d3d; http://data.europa.eu/esco/occupation/349ee6f6-c295-4c38-9b98-48765b55280e	560	docs/roles/infrastructure-engineer/
IT operations	infrastructure-engineer	Infrastructure engineer	Principal infrastructure engineer	8b	Infrastructure engineer	Principal infrastructure engineer	G7/G6	ICT system administrator; ICT network engineer; cloud engineer	http://data.europa.eu/esco/occupation/9e2e6e1e-363b-4e1b-a673-7bc0f7343300; http://data.europa.eu/esco/occupation/cf2b03cd-feb7-4f47-90f6-ff1ed6016d3d; http://data.europa.eu/esco/occupation/349ee6f6-c295-4c38-9b98-48765b55280e	600	docs/roles/infrastructure-engineer/
Software development	integration-engineer	Integration engineer (health interoperability)	Junior integration engineer	5				integration engineer; database developer	http://data.europa.eu/esco/occupation/07e60525-1aad-4099-aaf3-2c7014c92212; http://data.europa.eu/esco/occupation/b11e1742-5e28-4270-b081-b0193d85ee7d	335	docs/roles/integration-engineer/
Software development	integration-engineer	Integration engineer (health interoperability)	Integration engineer	6				integration engineer; database developer	http://data.europa.eu/esco/occupation/07e60525-1aad-4099-aaf3-2c7014c92212; http://data.europa.eu/esco/occupation/b11e1742-5e28-4270-b081-b0193d85ee7d	418	docs/roles/integration-engineer/
Software development	integration-engineer	Integration engineer (health interoperability)	Senior integration engineer	7				integration engineer; database developer	http://data.europa.eu/esco/occupation/07e60525-1aad-4099-aaf3-2c7014c92212; http://data.europa.eu/esco/occupation/b11e1742-5e28-4270-b081-b0193d85ee7d	477	docs/roles/integration-engineer/
Software development	integration-engineer	Integration engineer (health interoperability)	Lead integration engineer	8a				integration engineer; database developer	http://data.europa.eu/esco/occupation/07e60525-1aad-4099-aaf3-2c7014c92212; http://data.europa.eu/esco/occupation/b11e1742-5e28-4270-b081-b0193d85ee7d	551	docs/roles/integration-engineer/
User-centred design	interaction-designer	Interaction designer	Associate interaction designer	4	Interaction designer	Associate interaction designer	EO	user interface designer	http://data.europa.eu/esco/occupation/96e20037-0a25-4bf6-a25e-808d1605d890	275	docs/roles/interaction-designer/
User-centred design	interaction-designer	Interaction designer	Junior interaction designer	5	Interaction designer	Junior interaction designer	EO/HEO	user interface designer	http://data.europa.eu/esco/occupation/96e20037-0a25-4bf6-a25e-808d1605d890	335	docs/roles/interaction-designer/
User-centred design	interaction-designer	Interaction designer	Interaction designer	6	Interaction designer	Interaction designer	SEO/G7	user interface designer	http://data.europa.eu/esco/occupation/96e20037-0a25-4bf6-a25e-808d1605d890	421	docs/roles/interaction-designer/
User-centred design	interaction-designer	Interaction designer	Senior interaction designer	7	Interaction designer	Senior interaction designer	SEO/G7	user interface designer	http://data.europa.eu/esco/occupation/96e20037-0a25-4bf6-a25e-808d1605d890	475	docs/roles/interaction-designer/
User-centred design	interaction-designer	Interaction designer	Lead interaction designer	8b	Interaction designer	Lead interaction designer	G7/G6	user interface designer	http://data.europa.eu/esco/occupation/96e20037-0a25-4bf6-a25e-808d1605d890	596	docs/roles/interaction-designer/
User-centred design	interaction-designer	Interaction designer	Head of interaction design	8c	Interaction designer	Head of interaction design	G6	user interface designer	http://data.europa.eu/esco/occupation/96e20037-0a25-4bf6-a25e-808d1605d890	634	docs/roles/interaction-designer/
IT operations	it-service-manager	IT service manager	IT service analyst	4	IT service manager	IT service analyst	AO/EO	ICT operations manager	http://data.europa.eu/esco/occupation/f0ca39a8-1e30-487c-95f9-ef2d5e734adc	275	docs/roles/it-service-manager/
IT operations	it-service-manager	IT service manager	IT service manager	6	IT service manager	IT service manager	HEO/SEO	ICT operations manager	http://data.europa.eu/esco/occupation/f0ca39a8-1e30-487c-95f9-ef2d5e734adc	428	docs/roles/it-service-manager/
IT operations	it-service-manager	IT service manager	Senior IT service manager	7	IT service manager	Senior IT service manager	SEO/G7	ICT operations manager	http://data.europa.eu/esco/occupation/f0ca39a8-1e30-487c-95f9-ef2d5e734adc	484	docs/roles/it-service-manager/
IT operations	it-service-manager	IT service manager	Head of IT service management	8b	IT service manager	Head of IT service management	G7/G6	ICT operations manager	http://data.europa.eu/esco/occupation/f0ca39a8-1e30-487c-95f9-ef2d5e734adc	594	docs/roles/it-service-manager/
Human resources	learning-and-development-specialist	Learning and development specialist	Learning and development coordinator	4				corporate trainer; corporate training manager	http://data.europa.eu/esco/occupation/0ba06640-e0ac-4911-9e43-289a8e41651e; http://data.europa.eu/esco/occupation/a14e96a7-6c4d-4d69-8c6f-7ccadf77bac5	289	docs/roles/learning-and-development-specialist/
Human resources	learning-and-development-specialist	Learning and development specialist	Learning and development officer	5				corporate trainer; corporate training manager	http://data.europa.eu/esco/occupation/0ba06640-e0ac-4911-9e43-289a8e41651e; http://data.europa.eu/esco/occupation/a14e96a7-6c4d-4d69-8c6f-7ccadf77bac5	358	docs/roles/learning-and-development-specialist/
Human resources	learning-and-development-specialist	Learning and development specialist	Learning and development specialist	6				corporate trainer; corporate training manager	http://data.europa.eu/esco/occupation/0ba06640-e0ac-4911-9e43-289a8e41651e; http://data.europa.eu/esco/occupation/a14e96a7-6c4d-4d69-8c6f-7ccadf77bac5	429	docs/roles/learning-and-development-specialist/
Human resources	learning-and-development-specialist	Learning and development specialist	Digital skills lead	7				corporate trainer; corporate training manager	http://data.europa.eu/esco/occupation/0ba06640-e0ac-4911-9e43-289a8e41651e; http://data.europa.eu/esco/occupation/a14e96a7-6c4d-4d69-8c6f-7ccadf77bac5	476	docs/roles/learning-and-development-specialist/
Human resources	learning-and-development-specialist	Learning and development specialist	Head of learning	8a				corporate trainer; corporate training manager	http://data.europa.eu/esco/occupation/0ba06640-e0ac-4911-9e43-289a8e41651e; http://data.europa.eu/esco/occupation/a14e96a7-6c4d-4d69-8c6f-7ccadf77bac5	560	docs/roles/learning-and-development-specialist/
Legal	legal-adviser	Legal adviser	Legal adviser	7				lawyer; corporate lawyer	http://data.europa.eu/esco/occupation/974d4eab-fbee-4c52-b16e-73bdd8c25b53; http://data.europa.eu/esco/occupation/fdfce14e-992d-4ff4-9f9d-7a353c75654e	512	docs/roles/legal-adviser/
Legal	legal-adviser	Legal adviser	Senior legal adviser	8a				lawyer; corporate lawyer	http://data.europa.eu/esco/occupation/974d4eab-fbee-4c52-b16e-73bdd8c25b53; http://data.europa.eu/esco/occupation/fdfce14e-992d-4ff4-9f9d-7a353c75654e	551	docs/roles/legal-adviser/
Legal	legal-adviser	Legal adviser	Principal legal adviser	8b				lawyer; corporate lawyer	http://data.europa.eu/esco/occupation/974d4eab-fbee-4c52-b16e-73bdd8c25b53; http://data.europa.eu/esco/occupation/fdfce14e-992d-4ff4-9f9d-7a353c75654e	601	docs/roles/legal-adviser/
Legal	legal-assistant	Legal assistant	Legal administrator	3				legal assistant; legal administrative assistant	http://data.europa.eu/esco/occupation/929ef41d-afd0-4d5a-b85b-69eab68fa368; http://data.europa.eu/esco/occupation/0264b794-3771-47aa-a675-78bf13b62ee7	223	docs/roles/legal-assistant/
Legal	legal-assistant	Legal assistant	Legal assistant	4				legal assistant; legal administrative assistant	http://data.europa.eu/esco/occupation/929ef41d-afd0-4d5a-b85b-69eab68fa368; http://data.europa.eu/esco/occupation/0264b794-3771-47aa-a675-78bf13b62ee7	277	docs/roles/legal-assistant/
Legal	legal-assistant	Legal assistant	Paralegal	5				legal assistant; legal administrative assistant	http://data.europa.eu/esco/occupation/929ef41d-afd0-4d5a-b85b-69eab68fa368; http://data.europa.eu/esco/occupation/0264b794-3771-47aa-a675-78bf13b62ee7	364	docs/roles/legal-assistant/
Data	machine-learning-engineer	Machine learning engineer	Senior machine learning engineer	7	Machine learning engineer	Senior machine learning engineer	SEO/G7/G6	artificial intelligence engineer	http://data.europa.eu/esco/occupation/35553663-deab-4d9a-bf22-15c1625d28e8	495	docs/roles/machine-learning-engineer/
Data	machine-learning-engineer	Machine learning engineer	Lead machine learning engineer	8b	Machine learning engineer	Lead machine learning engineer	G7/G6	artificial intelligence engineer	http://data.europa.eu/esco/occupation/35553663-deab-4d9a-bf22-15c1625d28e8	595	docs/roles/machine-learning-engineer/
Finance	management-accountant	Management accountant	Trainee management accountant	5				accountant; budget analyst	http://data.europa.eu/esco/occupation/eda0d957-3c3c-4139-b89a-a18bc9e18897; http://data.europa.eu/esco/occupation/4e4a291d-1d38-4c5a-812a-5827d0691b11	367	docs/roles/management-accountant/
Finance	management-accountant	Management accountant	Management accountant	6				accountant; budget analyst	http://data.europa.eu/esco/occupation/eda0d957-3c3c-4139-b89a-a18bc9e18897; http://data.europa.eu/esco/occupation/4e4a291d-1d38-4c5a-812a-5827d0691b11	437	docs/roles/management-accountant/
Finance	management-accountant	Management accountant	Senior management accountant	7				accountant; budget analyst	http://data.europa.eu/esco/occupation/eda0d957-3c3c-4139-b89a-a18bc9e18897; http://data.europa.eu/esco/occupation/4e4a291d-1d38-4c5a-812a-5827d0691b11	495	docs/roles/management-accountant/
Finance	management-accountant	Management accountant	Finance business partner	8a				accountant; budget analyst	http://data.europa.eu/esco/occupation/eda0d957-3c3c-4139-b89a-a18bc9e18897; http://data.europa.eu/esco/occupation/4e4a291d-1d38-4c5a-812a-5827d0691b11	578	docs/roles/management-accountant/
Finance	management-accountant	Management accountant	Head of management accounts	8b				accountant; budget analyst	http://data.europa.eu/esco/occupation/eda0d957-3c3c-4139-b89a-a18bc9e18897; http://data.europa.eu/esco/occupation/4e4a291d-1d38-4c5a-812a-5827d0691b11	607	docs/roles/management-accountant/
Architecture	network-architect	Network architect	Associate network architect	6	Network architect	Associate network architect	EO/HEO	ICT network architect	http://data.europa.eu/esco/occupation/e0b544dd-b621-4126-a55e-054af25c6ea0	412	docs/roles/network-architect/
Architecture	network-architect	Network architect	Network architect	7	Network architect	Network architect	HEO/SEO	ICT network architect	http://data.europa.eu/esco/occupation/e0b544dd-b621-4126-a55e-054af25c6ea0	496	docs/roles/network-architect/
Architecture	network-architect	Network architect	Lead network architect	8a	Network architect	Lead network architect	SEO/G7	ICT network architect	http://data.europa.eu/esco/occupation/e0b544dd-b621-4126-a55e-054af25c6ea0	572	docs/roles/network-architect/
Finance	payroll-officer	Payroll officer	Payroll officer	3				payroll clerk	http://data.europa.eu/esco/occupation/ade351da-7bda-424e-8682-bbdcab2a25be	232	docs/roles/payroll-officer/
Finance	payroll-officer	Payroll officer	Senior payroll officer	4				payroll clerk	http://data.europa.eu/esco/occupation/ade351da-7bda-424e-8682-bbdcab2a25be	286	docs/roles/payroll-officer/
Finance	payroll-officer	Payroll officer	Payroll team leader	5				payroll clerk	http://data.europa.eu/esco/occupation/ade351da-7bda-424e-8682-bbdcab2a25be	376	docs/roles/payroll-officer/
Finance	payroll-officer	Payroll officer	Payroll manager	6				payroll clerk	http://data.europa.eu/esco/occupation/ade351da-7bda-424e-8682-bbdcab2a25be	457	docs/roles/payroll-officer/
Data	performance-analyst	Performance analyst	Associate performance analyst	4	Performance analyst	Associate performance analyst	AO/EO	data analyst; business intelligence manager	http://data.europa.eu/esco/occupation/d3edb8f8-3a06-47a0-8fb9-9b212c006aa2; http://data.europa.eu/esco/occupation/207d7b18-6540-432e-8aa6-785ed434572f	276	docs/roles/performance-analyst/
Data	performance-analyst	Performance analyst	Performance analyst	6	Performance analyst	Performance analyst	HEO/SEO	data analyst; business intelligence manager	http://data.europa.eu/esco/occupation/d3edb8f8-3a06-47a0-8fb9-9b212c006aa2; http://data.europa.eu/esco/occupation/207d7b18-6540-432e-8aa6-785ed434572f	411	docs/roles/performance-analyst/
Data	performance-analyst	Performance analyst	Senior performance analyst	7	Performance analyst	Senior performance analyst	SEO/G7	data analyst; business intelligence manager	http://data.europa.eu/esco/occupation/d3edb8f8-3a06-47a0-8fb9-9b212c006aa2; http://data.europa.eu/esco/occupation/207d7b18-6540-432e-8aa6-785ed434572f	480	docs/roles/performance-analyst/
Data	performance-analyst	Performance analyst	Lead performance analyst	8a	Performance analyst	Lead performance analyst	G7	data analyst; business intelligence manager	http://data.europa.eu/esco/occupation/d3edb8f8-3a06-47a0-8fb9-9b212c006aa2; http://data.europa.eu/esco/occupation/207d7b18-6540-432e-8aa6-785ed434572f	551	docs/roles/performance-analyst/
Data	performance-analyst	Performance analyst	Head of performance analysis	8b	Performance analyst	Head of performance analysis	G7/G6	data analyst; business intelligence manager	http://data.europa.eu/esco/occupation/d3edb8f8-3a06-47a0-8fb9-9b212c006aa2; http://data.europa.eu/esco/occupation/207d7b18-6540-432e-8aa6-785ed434572f	589	docs/roles/performance-analyst/
IT operations	problem-manager	Problem manager	Problem analyst	5	Problem manager	Problem analyst	EO/HEO	ICT operations manager	http://data.europa.eu/esco/occupation/f0ca39a8-1e30-487c-95f9-ef2d5e734adc	358	docs/roles/problem-manager/
IT operations	problem-manager	Problem manager	Problem manager	6	Problem manager	Problem manager	HEO/SEO	ICT operations manager	http://data.europa.eu/esco/occupation/f0ca39a8-1e30-487c-95f9-ef2d5e734adc	428	docs/roles/problem-manager/
Procurement and commercial	procurement-officer	Procurement officer	Procurement assistant	3				procurement support officer; purchaser	http://data.europa.eu/esco/occupation/c9b2b0a7-0adc-4ca7-bf7c-dc95e18aeac7; http://data.europa.eu/esco/occupation/29fa406d-de89-4515-be8d-0fe7bda993f1	223	docs/roles/procurement-officer/
Procurement and commercial	procurement-officer	Procurement officer	Buyer	4				procurement support officer; purchaser	http://data.europa.eu/esco/occupation/c9b2b0a7-0adc-4ca7-bf7c-dc95e18aeac7; http://data.europa.eu/esco/occupation/29fa406d-de89-4515-be8d-0fe7bda993f1	279	docs/roles/procurement-officer/
Procurement and commercial	procurement-officer	Procurement officer	Procurement officer	5				procurement support officer; purchaser	http://data.europa.eu/esco/occupation/c9b2b0a7-0adc-4ca7-bf7c-dc95e18aeac7; http://data.europa.eu/esco/occupation/29fa406d-de89-4515-be8d-0fe7bda993f1	351	docs/roles/procurement-officer/
Procurement and commercial	procurement-officer	Procurement officer	Senior procurement officer	6				procurement support officer; purchaser	http://data.europa.eu/esco/occupation/c9b2b0a7-0adc-4ca7-bf7c-dc95e18aeac7; http://data.europa.eu/esco/occupation/29fa406d-de89-4515-be8d-0fe7bda993f1	422	docs/roles/procurement-officer/
Product and delivery	product-manager	Product manager	Associate product manager	6	Product manager	Associate product manager	HEO/SEO	ICT product manager; product manager	http://data.europa.eu/esco/occupation/a79170ad-0b7b-4697-864f-1748359aa10a; http://data.europa.eu/esco/occupation/9f508305-80ce-4111-8722-f2c9b4a44890	409	docs/roles/product-manager/
Product and delivery	product-manager	Product manager	Product manager	7	Product manager	Product manager	SEO/G7	ICT product manager; product manager	http://data.europa.eu/esco/occupation/a79170ad-0b7b-4697-864f-1748359aa10a; http://data.europa.eu/esco/occupation/9f508305-80ce-4111-8722-f2c9b4a44890	474	docs/roles/product-manager/
Product and delivery	product-manager	Product manager	Senior product manager	8a	Product manager	Senior product manager	G7	ICT product manager; product manager	http://data.europa.eu/esco/occupation/a79170ad-0b7b-4697-864f-1748359aa10a; http://data.europa.eu/esco/occupation/9f508305-80ce-4111-8722-f2c9b4a44890	554	docs/roles/product-manager/
Product and delivery	product-manager	Product manager	Lead product manager	8b	Product manager	Lead product manager	G7/G6	ICT product manager; product manager	http://data.europa.eu/esco/occupation/a79170ad-0b7b-4697-864f-1748359aa10a; http://data.europa.eu/esco/occupation/9f508305-80ce-4111-8722-f2c9b4a44890	594	docs/roles/product-manager/
Product and delivery	product-manager	Product manager	Head of product	8c	Product manager	Head of product	G6	ICT product manager; product manager	http://data.europa.eu/esco/occupation/a79170ad-0b7b-4697-864f-1748359aa10a; http://data.europa.eu/esco/occupation/9f508305-80ce-4111-8722-f2c9b4a44890	640	docs/roles/product-manager/
Product and delivery	programme-delivery-manager	Programme delivery manager	Programme delivery manager	8b	Programme delivery manager	Programme delivery manager	G7/G6	programme manager	http://data.europa.eu/esco/occupation/c94f3565-d987-431f-a46b-6f4e018e0bd7	593	docs/roles/programme-delivery-manager/
Product and delivery	programme-delivery-manager	Programme delivery manager	Senior programme delivery manager	8c	Programme delivery manager	Programme delivery manager	G7/G6	programme manager	http://data.europa.eu/esco/occupation/c94f3565-d987-431f-a46b-6f4e018e0bd7	634	docs/roles/programme-delivery-manager/
Product and delivery	project-manager	Project manager	Assistant project manager	5				project manager; ICT project manager	http://data.europa.eu/esco/occupation/bea99fea-0383-4c63-b944-70d4799de2c5; http://data.europa.eu/esco/occupation/8b6388a4-4904-471b-9331-d3b1211f5525	334	docs/roles/project-manager/
Product and delivery	project-manager	Project manager	Project manager	6				project manager; ICT project manager	http://data.europa.eu/esco/occupation/bea99fea-0383-4c63-b944-70d4799de2c5; http://data.europa.eu/esco/occupation/8b6388a4-4904-471b-9331-d3b1211f5525	425	docs/roles/project-manager/
Product and delivery	project-manager	Project manager	Senior project manager	7				project manager; ICT project manager	http://data.europa.eu/esco/occupation/bea99fea-0383-4c63-b944-70d4799de2c5; http://data.europa.eu/esco/occupation/8b6388a4-4904-471b-9331-d3b1211f5525	476	docs/roles/project-manager/
Product and delivery	project-manager	Project manager	Lead project manager	8a				project manager; ICT project manager	http://data.europa.eu/esco/occupation/bea99fea-0383-4c63-b944-70d4799de2c5; http://data.europa.eu/esco/occupation/8b6388a4-4904-471b-9331-d3b1211f5525	547	docs/roles/project-manager/
Product and delivery	project-manager	Project manager	Head of project management	8b				project manager; ICT project manager	http://data.europa.eu/esco/occupation/bea99fea-0383-4c63-b944-70d4799de2c5; http://data.europa.eu/esco/occupation/8b6388a4-4904-471b-9331-d3b1211f5525	600	docs/roles/project-manager/
Corporate services	project-support-officer	Project support officer	Project support officer	3				project support officer	http://data.europa.eu/esco/occupation/5ccb2c34-e860-43a5-9869-342487518115	223	docs/roles/project-support-officer/
Corporate services	project-support-officer	Project support officer	Project coordinator	4				project support officer	http://data.europa.eu/esco/occupation/5ccb2c34-e860-43a5-9869-342487518115	285	docs/roles/project-support-officer/
Corporate services	project-support-officer	Project support officer	PMO analyst	5				project support officer	http://data.europa.eu/esco/occupation/5ccb2c34-e860-43a5-9869-342487518115	358	docs/roles/project-support-officer/
Corporate services	project-support-officer	Project support officer	PMO manager	6				project support officer	http://data.europa.eu/esco/occupation/5ccb2c34-e860-43a5-9869-342487518115	437	docs/roles/project-support-officer/
Quality assurance testing	quality-assurance-test-analyst	Quality assurance test analyst	Associate quality assurance test analyst	4	Quality assurance test analyst	Associate quality assurance test analyst	EO	ICT test analyst	http://data.europa.eu/esco/occupation/0ab5c12c-c1c1-4772-8345-aa287d0e391d	275	docs/roles/quality-assurance-test-analyst/
Quality assurance testing	quality-assurance-test-analyst	Quality assurance test analyst	Quality assurance test analyst	5	Quality assurance test analyst	Quality assurance test analyst	HEO/SEO	ICT test analyst	http://data.europa.eu/esco/occupation/0ab5c12c-c1c1-4772-8345-aa287d0e391d	327	docs/roles/quality-assurance-test-analyst/
Quality assurance testing	quality-assurance-test-analyst	Quality assurance test analyst	Senior quality assurance test analyst	6	Quality assurance test analyst	Senior quality assurance test analyst	HEO/SEO	ICT test analyst	http://data.europa.eu/esco/occupation/0ab5c12c-c1c1-4772-8345-aa287d0e391d	404	docs/roles/quality-assurance-test-analyst/
Quality assurance testing	quality-assurance-test-analyst	Quality assurance test analyst	Lead quality assurance test analyst	8a	Quality assurance test analyst	Lead quality assurance test analyst	G7/G6	ICT test analyst	http://data.europa.eu/esco/occupation/0ab5c12c-c1c1-4772-8345-aa287d0e391d	543	docs/roles/quality-assurance-test-analyst/
Information governance	records-officer	Health records officer	Records assistant	2				medical records clerk; medical records manager	http://data.europa.eu/esco/occupation/14eb2c85-fce5-40b6-bcd0-46ac99994b0d; http://data.europa.eu/esco/occupation/983c2816-a339-4817-97f4-151a9ff3e64d	181	docs/roles/records-officer/
Information governance	records-officer	Health records officer	Records officer	3				medical records clerk; medical records manager	http://data.europa.eu/esco/occupation/14eb2c85-fce5-40b6-bcd0-46ac99994b0d; http://data.europa.eu/esco/occupation/983c2816-a339-4817-97f4-151a9ff3e64d	234	docs/roles/records-officer/
Information governance	records-officer	Health records officer	Senior records officer	4				medical records clerk; medical records manager	http://data.europa.eu/esco/occupation/14eb2c85-fce5-40b6-bcd0-46ac99994b0d; http://data.europa.eu/esco/occupation/983c2816-a339-4817-97f4-151a9ff3e64d	291	docs/roles/records-officer/
Information governance	records-officer	Health records officer	Health records manager	5				medical records clerk; medical records manager	http://data.europa.eu/esco/occupation/14eb2c85-fce5-40b6-bcd0-46ac99994b0d; http://data.europa.eu/esco/occupation/983c2816-a339-4817-97f4-151a9ff3e64d	376	docs/roles/records-officer/
Human resources	recruitment-officer	Recruitment officer	Recruitment assistant	3				recruitment consultant	http://data.europa.eu/esco/occupation/068370e0-9c27-4814-87d0-44fbb3140815	223	docs/roles/recruitment-officer/
Human resources	recruitment-officer	Recruitment officer	Recruitment officer	4				recruitment consultant	http://data.europa.eu/esco/occupation/068370e0-9c27-4814-87d0-44fbb3140815	282	docs/roles/recruitment-officer/
Human resources	recruitment-officer	Recruitment officer	Digital talent partner	5				recruitment consultant	http://data.europa.eu/esco/occupation/068370e0-9c27-4814-87d0-44fbb3140815	350	docs/roles/recruitment-officer/
Human resources	recruitment-officer	Recruitment officer	Recruitment manager	6				recruitment consultant	http://data.europa.eu/esco/occupation/068370e0-9c27-4814-87d0-44fbb3140815	430	docs/roles/recruitment-officer/
Cyber security	security-analyst	Security operations analyst	Junior security operations analyst	5				cyber incident responder; ICT security technician	http://data.europa.eu/esco/occupation/0ce5a9f4-e00a-4bbe-b255-3c63407167a4; http://data.europa.eu/esco/occupation/a44a1dc5-be08-4840-8bd5-770c4ac1ca6d	348	docs/roles/security-analyst/
Cyber security	security-analyst	Security operations analyst	Security operations analyst	6				cyber incident responder; ICT security technician	http://data.europa.eu/esco/occupation/0ce5a9f4-e00a-4bbe-b255-3c63407167a4; http://data.europa.eu/esco/occupation/a44a1dc5-be08-4840-8bd5-770c4ac1ca6d	440	docs/roles/security-analyst/
Cyber security	security-analyst	Security operations analyst	Senior security operations analyst	7				cyber incident responder; ICT security technician	http://data.europa.eu/esco/occupation/0ce5a9f4-e00a-4bbe-b255-3c63407167a4; http://data.europa.eu/esco/occupation/a44a1dc5-be08-4840-8bd5-770c4ac1ca6d	496	docs/roles/security-analyst/
Architecture	security-architect	Security architect	Security architect	8a	Security architect	Security architect	HEO/SEO/G7	ICT system architect; cybersecurity risk manager	http://data.europa.eu/esco/occupation/e1c72b5f-4c5c-487c-a6df-e84b64a51dae; http://data.europa.eu/esco/occupation/7754d570-9519-48c2-b1c9-8e165f8bca0f	560	docs/roles/security-architect/
Architecture	security-architect	Security architect	Lead security architect	8b	Security architect	Lead security architect	G7/G6	ICT system architect; cybersecurity risk manager	http://data.europa.eu/esco/occupation/e1c72b5f-4c5c-487c-a6df-e84b64a51dae; http://data.europa.eu/esco/occupation/7754d570-9519-48c2-b1c9-8e165f8bca0f	613	docs/roles/security-architect/
Architecture	security-architect	Security architect	Principal security architect	8c	Security architect	Principal security architect	G6	ICT system architect; cybersecurity risk manager	http://data.europa.eu/esco/occupation/e1c72b5f-4c5c-487c-a6df-e84b64a51dae; http://data.europa.eu/esco/occupation/7754d570-9519-48c2-b1c9-8e165f8bca0f	662	docs/roles/security-architect/
Cyber security	security-engineer	Security engineer	Security engineer	6				ICT security administrator	http://data.europa.eu/esco/occupation/0464b062-cea6-4164-b10d-956c61956ae7	434	docs/roles/security-engineer/
Cyber security	security-engineer	Security engineer	Senior security engineer	7				ICT security administrator	http://data.europa.eu/esco/occupation/0464b062-cea6-4164-b10d-956c61956ae7	490	docs/roles/security-engineer/
Cyber security	security-engineer	Security engineer	Lead security engineer	8a				ICT security administrator	http://data.europa.eu/esco/occupation/0464b062-cea6-4164-b10d-956c61956ae7	560	docs/roles/security-engineer/
User-centred design	service-designer	Service designer	Associate service designer	4	Service designer	Associate service designer	AO/EO	user experience analyst; user interface designer	http://data.europa.eu/esco/occupation/faed411a-f920-4100-86a8-b877928b429c; http://data.europa.eu/esco/occupation/96e20037-0a25-4bf6-a25e-808d1605d890	275	docs/roles/service-designer/
User-centred design	service-designer	Service designer	Junior service designer	5	Service designer	Junior service designer	EO/HEO	user experience analyst; user interface designer	http://data.europa.eu/esco/occupation/faed411a-f920-4100-86a8-b877928b429c; http://data.europa.eu/esco/occupation/96e20037-0a25-4bf6-a25e-808d1605d890	335	docs/roles/service-designer/
User-centred design	service-designer	Service designer	Service designer	6	Service designer	Service designer	HEO/SEO	user experience analyst; user interface designer	http://data.europa.eu/esco/occupation/faed411a-f920-4100-86a8-b877928b429c; http://data.europa.eu/esco/occupation/96e20037-0a25-4bf6-a25e-808d1605d890	421	docs/roles/service-designer/
User-centred design	service-designer	Service designer	Senior service designer	7	Service designer	Senior service designer	SEO/G7	user experience analyst; user interface designer	http://data.europa.eu/esco/occupation/faed411a-f920-4100-86a8-b877928b429c; http://data.europa.eu/esco/occupation/96e20037-0a25-4bf6-a25e-808d1605d890	475	docs/roles/service-designer/
User-centred design	service-designer	Service designer	Lead service designer	8b	Service designer	Lead service designer	G7/G6	user experience analyst; user interface designer	http://data.europa.eu/esco/occupation/faed411a-f920-4100-86a8-b877928b429c; http://data.europa.eu/esco/occupation/96e20037-0a25-4bf6-a25e-808d1605d890	596	docs/roles/service-designer/
User-centred design	service-designer	Service designer	Head of service design	8c	Service designer	Head of service design	G6	user experience analyst; user interface designer	http://data.europa.eu/esco/occupation/faed411a-f920-4100-86a8-b877928b429c; http://data.europa.eu/esco/occupation/96e20037-0a25-4bf6-a25e-808d1605d890	634	docs/roles/service-designer/
IT operations	service-desk-analyst	Service desk analyst	Service desk analyst	3	Service desk manager	Service desk analyst	AO/EO	ICT help desk agent; ICT help desk manager	http://data.europa.eu/esco/occupation/aaeec9a7-dc57-4485-890c-86b3eef735f9; http://data.europa.eu/esco/occupation/1242d99a-47f1-4a62-b884-33746db8a6ca	227	docs/roles/service-desk-analyst/
IT operations	service-desk-analyst	Service desk analyst	Technical service desk analyst	4	Service desk manager	Service desk analyst	AO/EO	ICT help desk agent; ICT help desk manager	http://data.europa.eu/esco/occupation/aaeec9a7-dc57-4485-890c-86b3eef735f9; http://data.europa.eu/esco/occupation/1242d99a-47f1-4a62-b884-33746db8a6ca	292	docs/roles/service-desk-analyst/
IT operations	service-desk-analyst	Service desk analyst	Senior service desk analyst	5	Service desk manager	Senior service desk analyst	EO/HEO	ICT help desk agent; ICT help desk manager	http://data.europa.eu/esco/occupation/aaeec9a7-dc57-4485-890c-86b3eef735f9; http://data.europa.eu/esco/occupation/1242d99a-47f1-4a62-b884-33746db8a6ca	352	docs/roles/service-desk-analyst/
IT operations	service-desk-analyst	Service desk analyst	Service desk manager	6	Service desk manager	Service desk manager	HEO/SEO	ICT help desk agent; ICT help desk manager	http://data.europa.eu/esco/occupation/aaeec9a7-dc57-4485-890c-86b3eef735f9; http://data.europa.eu/esco/occupation/1242d99a-47f1-4a62-b884-33746db8a6ca	407	docs/roles/service-desk-analyst/
IT operations	service-desk-analyst	Service desk analyst	Head of service desk	7	Service desk manager	Head of service desk	SEO/G7	ICT help desk agent; ICT help desk manager	http://data.europa.eu/esco/occupation/aaeec9a7-dc57-4485-890c-86b3eef735f9; http://data.europa.eu/esco/occupation/1242d99a-47f1-4a62-b884-33746db8a6ca	491	docs/roles/service-desk-analyst/
Product and delivery	service-owner	Service owner	Service owner	8b	Service owner	Service owner	G7/G6	ICT product manager	http://data.europa.eu/esco/occupation/a79170ad-0b7b-4697-864f-1748359aa10a	600	docs/roles/service-owner/
Product and delivery	service-owner	Service owner	Senior service owner	8c	Service owner	Service owner	G7/G6	ICT product manager	http://data.europa.eu/esco/occupation/a79170ad-0b7b-4697-864f-1748359aa10a	634	docs/roles/service-owner/
Software development	software-developer	Software developer	Apprentice software developer	4	Software developer	Apprentice developer	AO/EO	software developer; ICT application developer	http://data.europa.eu/esco/occupation/f2b15a0e-e65a-438a-affb-29b9d50b77d1; http://data.europa.eu/esco/occupation/bd272aee-adc9-4a06-a15c-a73b4b4a46a7	276	docs/roles/software-developer/
Software development	software-developer	Software developer	Junior software developer	5	Software developer	Junior developer	EO/HEO	software developer; ICT application developer	http://data.europa.eu/esco/occupation/f2b15a0e-e65a-438a-affb-29b9d50b77d1; http://data.europa.eu/esco/occupation/bd272aee-adc9-4a06-a15c-a73b4b4a46a7	335	docs/roles/software-developer/
Software development	software-developer	Software developer	Software developer	6	Software developer	Developer	HEO/SEO	software developer; ICT application developer	http://data.europa.eu/esco/occupation/f2b15a0e-e65a-438a-affb-29b9d50b77d1; http://data.europa.eu/esco/occupation/bd272aee-adc9-4a06-a15c-a73b4b4a46a7	418	docs/roles/software-developer/
Software development	software-developer	Software developer	Senior software developer	7	Software developer	Senior developer	SEO/G7	software developer; ICT application developer	http://data.europa.eu/esco/occupation/f2b15a0e-e65a-438a-affb-29b9d50b77d1; http://data.europa.eu/esco/occupation/bd272aee-adc9-4a06-a15c-a73b4b4a46a7	477	docs/roles/software-developer/
Software development	software-developer	Software developer	Lead software developer	8a	Software developer	Lead developer	G7/G6	software developer; ICT application developer	http://data.europa.eu/esco/occupation/f2b15a0e-e65a-438a-affb-29b9d50b77d1; http://data.europa.eu/esco/occupation/bd272aee-adc9-4a06-a15c-a73b4b4a46a7	551	docs/roles/software-developer/
Software development	software-developer	Software developer	Principal software developer	8b	Software developer	Principal developer	G7/G6	software developer; ICT application developer	http://data.europa.eu/esco/occupation/f2b15a0e-e65a-438a-affb-29b9d50b77d1; http://data.europa.eu/esco/occupation/bd272aee-adc9-4a06-a15c-a73b4b4a46a7	604	docs/roles/software-developer/
Architecture	solution-architect	Solution architect	Associate solution architect	7	Solution architect	Associate solution architect	HEO/SEO	ICT system architect	http://data.europa.eu/esco/occupation/e1c72b5f-4c5c-487c-a6df-e84b64a51dae	483	docs/roles/solution-architect/
Architecture	solution-architect	Solution architect	Solution architect	8a	Solution architect	Solution architect	SEO/G7	ICT system architect	http://data.europa.eu/esco/occupation/e1c72b5f-4c5c-487c-a6df-e84b64a51dae	560	docs/roles/solution-architect/
Architecture	solution-architect	Solution architect	Senior solution architect	8b	Solution architect	Senior solution architect	G7	ICT system architect	http://data.europa.eu/esco/occupation/e1c72b5f-4c5c-487c-a6df-e84b64a51dae	604	docs/roles/solution-architect/
Architecture	solution-architect	Solution architect	Lead solution architect	8c	Solution architect	Lead solution architect	G7/G6	ICT system architect	http://data.europa.eu/esco/occupation/e1c72b5f-4c5c-487c-a6df-e84b64a51dae	655	docs/roles/solution-architect/
Architecture	solution-architect	Solution architect	Principal solution architect	8d	Solution architect	Principal solution architect	G6	ICT system architect	http://data.europa.eu/esco/occupation/e1c72b5f-4c5c-487c-a6df-e84b64a51dae	699	docs/roles/solution-architect/
Architecture	technical-architect	Technical architect	Associate technical architect	6	Technical architect	Associate technical architect	EO/HEO	software architect; cloud architect	http://data.europa.eu/esco/occupation/d0aa0792-4345-474b-9365-686cf4869d2e; http://data.europa.eu/esco/occupation/2fb96c6c-8d0b-4ef0-b1ee-3e493305e4eb	412	docs/roles/technical-architect/
Architecture	technical-architect	Technical architect	Technical architect	7	Technical architect	Technical architect	SEO/G7	software architect; cloud architect	http://data.europa.eu/esco/occupation/d0aa0792-4345-474b-9365-686cf4869d2e; http://data.europa.eu/esco/occupation/2fb96c6c-8d0b-4ef0-b1ee-3e493305e4eb	496	docs/roles/technical-architect/
Architecture	technical-architect	Technical architect	Senior technical architect	8a	Technical architect	Senior technical architect	SEO/G7	software architect; cloud architect	http://data.europa.eu/esco/occupation/d0aa0792-4345-474b-9365-686cf4869d2e; http://data.europa.eu/esco/occupation/2fb96c6c-8d0b-4ef0-b1ee-3e493305e4eb	560	docs/roles/technical-architect/
Architecture	technical-architect	Technical architect	Lead technical architect	8b	Technical architect	Lead technical architect	G7/G6	software architect; cloud architect	http://data.europa.eu/esco/occupation/d0aa0792-4345-474b-9365-686cf4869d2e; http://data.europa.eu/esco/occupation/2fb96c6c-8d0b-4ef0-b1ee-3e493305e4eb	613	docs/roles/technical-architect/
Architecture	technical-architect	Technical architect	Principal technical architect	8c	Technical architect	Principal technical architect	G6	software architect; cloud architect	http://data.europa.eu/esco/occupation/d0aa0792-4345-474b-9365-686cf4869d2e; http://data.europa.eu/esco/occupation/2fb96c6c-8d0b-4ef0-b1ee-3e493305e4eb	662	docs/roles/technical-architect/
Quality assurance testing	test-engineer	Test engineer	Associate test engineer	4	Test engineer	Associate test engineer	EO	software tester	http://data.europa.eu/esco/occupation/106f79e4-6264-45f1-9e7a-297435cd684b	275	docs/roles/test-engineer/
Quality assurance testing	test-engineer	Test engineer	Test engineer	6	Test engineer	Test engineer	HEO/SEO	software tester	http://data.europa.eu/esco/occupation/106f79e4-6264-45f1-9e7a-297435cd684b	411	docs/roles/test-engineer/
Quality assurance testing	test-engineer	Test engineer	Senior test engineer	7	Test engineer	Senior test engineer	SEO/G7	software tester	http://data.europa.eu/esco/occupation/106f79e4-6264-45f1-9e7a-297435cd684b	477	docs/roles/test-engineer/
Quality assurance testing	test-engineer	Test engineer	Lead test engineer	8a	Test engineer	Lead test engineer	SEO/G7/G6	software tester	http://data.europa.eu/esco/occupation/106f79e4-6264-45f1-9e7a-297435cd684b	553	docs/roles/test-engineer/
Quality assurance testing	test-manager	Test manager	Test manager	7	Test manager	Test manager	SEO/G7	ICT quality assurance manager	http://data.europa.eu/esco/occupation/a28dff76-74df-46ee-929f-d1fffbb63cd7	499	docs/roles/test-manager/
Quality assurance testing	test-manager	Test manager	Head of test	8c	Test manager	Head of test	G6	ICT quality assurance manager	http://data.europa.eu/esco/occupation/a28dff76-74df-46ee-929f-d1fffbb63cd7	637	docs/roles/test-manager/
User-centred design	user-researcher	User researcher	Associate user researcher	4	User researcher	Associate user researcher	AO/EO	user experience analyst	http://data.europa.eu/esco/occupation/faed411a-f920-4100-86a8-b877928b429c	281	docs/roles/user-researcher/
User-centred design	user-researcher	User researcher	Junior user researcher	5	User researcher	Junior user researcher	EO/HEO	user experience analyst	http://data.europa.eu/esco/occupation/faed411a-f920-4100-86a8-b877928b429c	342	docs/roles/user-researcher/
User-centred design	user-researcher	User researcher	User researcher	6	User researcher	User researcher	HEO/SEO	user experience analyst	http://data.europa.eu/esco/occupation/faed411a-f920-4100-86a8-b877928b429c	427	docs/roles/user-researcher/
User-centred design	user-researcher	User researcher	Senior user researcher	7	User researcher	Senior user researcher	SEO/G7	user experience analyst	http://data.europa.eu/esco/occupation/faed411a-f920-4100-86a8-b877928b429c	484	docs/roles/user-researcher/
User-centred design	user-researcher	User researcher	Lead user researcher	8b	User researcher	Lead user researcher	G7/G6	user experience analyst	http://data.europa.eu/esco/occupation/faed411a-f920-4100-86a8-b877928b429c	591	docs/roles/user-researcher/
User-centred design	user-researcher	User researcher	Head of user research	8c	User researcher	Head of user research	G7/G6	user experience analyst	http://data.europa.eu/esco/occupation/faed411a-f920-4100-86a8-b877928b429c	650	docs/roles/user-researcher/
